{
  "Link Color" : {
    "Red Component" : 0,
    "Color Space" : "sRGB",
    "Blue Component" : 0.73422712087631226,
    "Alpha Component" : 1,
    "Green Component" : 0.35915297269821167
  },
  "Tags" : [

  ],
  "Ansi 12 Color" : {
    "Green Component" : 0.81066548824310303,
    "Blue Component" : 0.99898606538772583,
    "Red Component" : 0.43880558013916016
  },
  "Ansi 7 Color" : {
    "Green Component" : 0.99997437000274658,
    "Blue Component" : 0.99999129772186279,
    "Red Component" : 1
  },
  "Ansi 8 Color" : {
    "Green Component" : 0.69167852401733398,
    "Blue Component" : 0.72321081161499023,
    "Red Component" : 0.63061976432800293
  },
  "Bold Color" : {
    "Green Component" : 0.91671288013458252,
    "Blue Component" : 0.91648769378662109,
    "Red Component" : 0.91654461622238159
  },
  "Ansi 9 Color" : {
    "Green Component" : 0.45310419797897339,
    "Blue Component" : 0.42818409204483032,
    "Red Component" : 0.98958194255828857
  },
  "Custom Directory" : "Recycle",
  "Right Option Key Sends" : 0,
  "Rows" : 25,
  "Default Bookmark" : "No",
  "Cursor Guide Color" : {
    "Red Component" : 0.70214027166366577,
    "Color Space" : "sRGB",
    "Blue Component" : 1,
    "Alpha Component" : 0.25,
    "Green Component" : 0.92681378126144409
  },
  "Non-ASCII Anti Aliased" : true,
  "Use Bright Bold" : true,
  "Ansi 10 Color" : {
    "Green Component" : 0.96712285280227661,
    "Blue Component" : 0.74659085273742676,
    "Red Component" : 0.67800694704055786
  },
  "Ambiguous Double Width" : false,
  "Jobs to Ignore" : [
    "rlogin",
    "ssh",
    "slogin",
    "telnet"
  ],
  "Show Status Bar" : true,
  "Ansi 15 Color" : {
    "Green Component" : 0.99997437000274658,
    "Blue Component" : 0.99999129772186279,
    "Red Component" : 1
  },
  "Foreground Color" : {
    "Green Component" : 0.92142927646636963,
    "Blue Component" : 0.93115901947021484,
    "Red Component" : 0.90730977058410645
  },
  "Working Directory" : "\/Users\/thomas.schersach",
  "Blinking Cursor" : false,
  "Disable Window Resizing" : true,
  "Sync Title" : false,
  "Prompt Before Closing 2" : false,
  "BM Growl" : true,
  "Command" : "",
  "Description" : "Default",
  "Mouse Reporting" : true,
  "Screen" : -1,
  "Selection Color" : {
    "Green Component" : 0.41462835669517517,
    "Blue Component" : 0.47096589207649231,
    "Red Component" : 0.30659490823745728
  },
  "Only The Default BG Color Uses Transparency" : false,
  "Columns" : 80,
  "Idle Code" : 0,
  "Ansi 13 Color" : {
    "Green Component" : 0.40164706110954285,
    "Blue Component" : 0.60766077041625977,
    "Red Component" : 0.9887651801109314
  },
  "Custom Command" : "No",
  "ASCII Anti Aliased" : true,
  "Non Ascii Font" : "Monaco 12",
  "Vertical Spacing" : 1,
  "Use Bold Font" : true,
  "Option Key Sends" : 0,
  "Selected Text Color" : {
    "Green Component" : 0.92142927646636963,
    "Blue Component" : 0.93115901947021484,
    "Red Component" : 0.90730977058410645
  },
  "Background Color" : {
    "Green Component" : 0.14745020866394043,
    "Blue Component" : 0.16608485579490662,
    "Red Component" : 0.11278382688760757
  },
  "Character Encoding" : 4,
  "Ansi 11 Color" : {
    "Green Component" : 0.88262283802032471,
    "Blue Component" : 0.42511638998985291,
    "Red Component" : 0.99765938520431519
  },
  "Use Italic Font" : true,
  "Unlimited Scrollback" : true,
  "Keyboard Map" : {
    "0xf728-0x80000" : {
      "Text" : "d",
      "Action" : 10
    },
    "0xf702-0x280000" : {
      "Text" : "b",
      "Action" : 10
    },
    "0xf70d-0x20000" : {
      "Text" : "[21;2~",
      "Action" : 10
    },
    "0x7f-0x80000" : {
      "Text" : "0x1b 0x7f",
      "Action" : 11
    },
    "0xf708-0x20000" : {
      "Text" : "[15;2~",
      "Action" : 10
    },
    "0x33-0x40000" : {
      "Text" : "0x1b",
      "Action" : 11
    },
    "0xf703-0x260000" : {
      "Text" : "[1;6C",
      "Action" : 10
    },
    "0xf729-0x20000" : {
      "Text" : "[1;2H",
      "Action" : 10
    },
    "0xf702-0x260000" : {
      "Text" : "[1;6D",
      "Action" : 10
    },
    "0x38-0x40000" : {
      "Text" : "0x7f",
      "Action" : 11
    },
    "0xf72b-0x40000" : {
      "Text" : "[1;5F",
      "Action" : 10
    },
    "0xf70c-0x20000" : {
      "Text" : "[20;2~",
      "Action" : 10
    },
    "0xf701-0x260000" : {
      "Text" : "[1;6B",
      "Action" : 10
    },
    "0x32-0x40000" : {
      "Text" : "0x00",
      "Action" : 11
    },
    "0xf707-0x20000" : {
      "Text" : "[1;2S",
      "Action" : 10
    },
    "0xf703-0x240000" : {
      "Text" : "[1;5C",
      "Action" : 10
    },
    "0xf700-0x260000" : {
      "Text" : "[1;6A",
      "Action" : 10
    },
    "0xf702-0x240000" : {
      "Text" : "[1;5D",
      "Action" : 10
    },
    "0x37-0x40000" : {
      "Text" : "0x1f",
      "Action" : 11
    },
    "0x3-0x200000" : {
      "Text" : "0xd",
      "Action" : 11
    },
    "0xf701-0x240000" : {
      "Text" : "[1;5B",
      "Action" : 10
    },
    "0xf70b-0x20000" : {
      "Text" : "[19;2~",
      "Action" : 10
    },
    "0xf703-0x220000" : {
      "Text" : "[1;2C",
      "Action" : 10
    },
    "0xf739-0x0" : {
      "Text" : "",
      "Action" : 13
    },
    "0xf728-0x0" : {
      "Text" : "0x4",
      "Action" : 11
    },
    "0xf706-0x20000" : {
      "Text" : "[1;2R",
      "Action" : 10
    },
    "0xf700-0x240000" : {
      "Text" : "[1;5A",
      "Action" : 10
    },
    "0xf702-0x220000" : {
      "Text" : "[1;2D",
      "Action" : 10
    },
    "0x36-0x40000" : {
      "Text" : "0x1e",
      "Action" : 11
    },
    "0xf72b-0x0-0x77" : {
      "Label" : "",
      "Text" : "0x5",
      "Action" : 11
    },
    "0xf70f-0x20000" : {
      "Text" : "[24;2~",
      "Action" : 10
    },
    "0xf701-0x220000" : {
      "Text" : "[1;2B",
      "Action" : 10
    },
    "0xf70a-0x20000" : {
      "Text" : "[18;2~",
      "Action" : 10
    },
    "0xf729-0x0-0x73" : {
      "Label" : "",
      "Text" : "0x1",
      "Action" : 11
    },
    "0xf729-0x40000" : {
      "Text" : "[1;5H",
      "Action" : 10
    },
    "0xf72b-0x20000" : {
      "Text" : "[1;2F",
      "Action" : 10
    },
    "0xf700-0x220000" : {
      "Text" : "[1;2A",
      "Action" : 10
    },
    "0x30-0x200000" : {
      "Text" : "0",
      "Action" : 12
    },
    "0xf705-0x20000" : {
      "Text" : "[1;2Q",
      "Action" : 10
    },
    "0x31-0x200000" : {
      "Text" : "1",
      "Action" : 12
    },
    "0x33-0x200000" : {
      "Text" : "3",
      "Action" : 12
    },
    "0x35-0x40000" : {
      "Text" : "0x1d",
      "Action" : 11
    },
    "0x34-0x200000" : {
      "Text" : "4",
      "Action" : 12
    },
    "0x32-0x200000" : {
      "Text" : "2",
      "Action" : 12
    },
    "0x35-0x200000" : {
      "Text" : "5",
      "Action" : 12
    },
    "0x36-0x200000" : {
      "Text" : "6",
      "Action" : 12
    },
    "0x37-0x200000" : {
      "Text" : "7",
      "Action" : 12
    },
    "0x2d-0x40000" : {
      "Text" : "0x1f",
      "Action" : 11
    },
    "0x38-0x200000" : {
      "Text" : "8",
      "Action" : 12
    },
    "0x2a-0x200000" : {
      "Text" : "*",
      "Action" : 12
    },
    "0x39-0x200000" : {
      "Text" : "9",
      "Action" : 12
    },
    "0x2b-0x200000" : {
      "Text" : "+",
      "Action" : 12
    },
    "0xf70e-0x20000" : {
      "Text" : "[23;2~",
      "Action" : 10
    },
    "0x2e-0x200000" : {
      "Text" : ".",
      "Action" : 12
    },
    "0x2d-0x200000" : {
      "Text" : "-",
      "Action" : 12
    },
    "0xf709-0x20000" : {
      "Text" : "[17;2~",
      "Action" : 10
    },
    "0x7f-0x100000" : {
      "Text" : "0x15",
      "Action" : 11
    },
    "0x2f-0x200000" : {
      "Text" : "\/",
      "Action" : 12
    },
    "0xf704-0x20000" : {
      "Text" : "[1;2P",
      "Action" : 10
    },
    "0x34-0x40000" : {
      "Text" : "0x1c",
      "Action" : 11
    },
    "0xf703-0x280000" : {
      "Text" : "f",
      "Action" : 10
    }
  },